id1,id2,length
60,1458,13.678199595540804
60,756,6.260111070890348
60,0,13.674971203979577
60,1135,6.270746704250143
1135,499,30.53709321110363
1135,1881,27.7207750491122
933,1141,26.216893817223625
933,1030,3.015760694789259
933,1458,28.358520836298954
1458,1011,35.867322426186576
1881,62,13.981457551982187
1881,1141,22.55331850297236
1141,1787,6.259831515667836
756,1223,156.77478557603206
756,1129,162.98871163746654
1011,264,46.776636662206585
1011,1223,69.88471279950487
1223,232,89.9641185120363
499,779,36.63749767699329
499,734,6.103984037353945
779,0,415.84122484131694
779,856,381.92352805092605
1030,62,4.231697301050648
62,1787,8.727737482099442
62,734,8.19758694435245
62,1857,9.078220804206067
62,1191,14.35723910453913
62,924,5.440403781398074
62,515,11.11624181149264
62,681,7.769031699689191
62,200,7.959369187607432
200,264,6.867915867048163
264,1696,42.21271275263711
1129,1335,290.5580162015745
1129,0,453.2525562869289
528,42,10.22523497969371
528,540,69.82468066883062
528,606,79.85967241666486
42,1063,13.34186864156109
42,1118,10.225235272825095
42,436,13.34184149269503
232,1010,15.444850758323755
232,253,76.43841111293969
253,130,5.302886544569319
253,1063,72.72048742719188
1063,1618,63.131204374056495
606,1876,212.59677471990946
606,1277,282.2395471451241
1277,9,4.398704658746533
1277,1335,286.1823252538514
1335,9,4.3845057815835595
1010,157,13.633139109674557
1010,1472,3.6627764993894028
157,1696,12.932547675340704
157,1839,13.633139441156956
157,839,9.398519556640814
157,945,3.5339924590036453
1696,681,33.2425969663907
856,35,13.990050366124375
856,859,369.40129009378313
859,1473,352.96686938640977
859,1857,18.733377165179302
1857,1530,10.611903721763303
35,1831,14.617798856261713
35,342,9.511805802944826
35,395,10.385328310055634
35,1136,8.699463151272138
1831,0,90.54806292912237
1831,220,76.89394304801667
681,1271,28.580984108778622
9,1876,4.3968580657927205
9,470,4.391827206747607
9,1043,4.391545985432905
9,1880,4.393003165920664
9,1026,4.378507105122517
9,1195,4.395276679521693
9,709,4.384503103464537
9,1581,4.3986941979037635
9,692,4.396839804138282
9,1625,4.391808119092018
9,634,4.391533698933042
9,1440,4.39299909169814
9,1178,4.389332061061701
9,0,4.3842965430631695
436,453,23.440805238326483
436,1166,21.962503078879628
1166,876,5.297576825536688
1166,540,25.088926729100354
540,761,45.62106233103271
456,1618,54.97571930292092
456,888,31.840686804275546
456,1118,55.504747947587354
1118,451,55.09962167033103
1618,1122,24.052394250069412
130,1472,3.364709222527075
130,1436,3.535926029245768
130,724,5.3034621445541275
130,637,6.907378745415931
1472,1436,1.447295247258561
637,835,11.176922440214874
637,1122,13.87608366763053
1122,164,11.45740150095163
1770,27,14.972439760999144
1770,470,198.57280017920448
1770,1876,209.24506048400477
27,1355,12.93186250409702
27,1579,5.114769106415031
27,1000,8.459657729111324
27,660,9.96087959516696
27,1414,11.251414911680033
27,518,7.956795345149953
27,1132,7.519347552118696
27,211,3.2601516313982115
27,1299,4.838408344308318
27,805,13.601611874846647
27,1650,3.5446756151136523
761,82,14.736838366099734
761,1355,31.832761529764138
1355,1064,28.708579064100128
945,839,1.4520102333538234
945,1436,3.820659160066286
1271,515,23.76629606047424
1271,1839,44.24134945227356
1839,864,49.120414076493084
1191,1530,10.08087615242265
1191,924,12.117093034980071
1530,86,11.856791261997222
1136,208,25.52922879189019
1136,306,32.00339995861178
306,116,11.335072866810224
306,424,42.785155866629125
424,894,80.24250034679586
424,598,109.90971009273183
598,1279,100.5293289831966
598,1473,195.2206814450956
1473,452,172.69458129058765
86,452,10.348815172373383
86,250,11.856768730469785
86,1403,10.348814547194706
452,1069,164.04725628989337
1320,220,67.51579704974232
1320,874,10.103355218699758
1320,1232,61.2931268699179
220,1490,10.038437254451326
342,670,15.105588143553932
342,1422,10.281486661240967
670,1232,17.50438465996821
670,167,6.392698436387747
1232,592,49.11568320960181
1490,118,13.549546744732453
118,432,9.619219354715025
118,1185,4.665337846990922
118,1685,24.728484423580635
118,1319,4.210427745374343
118,331,13.359506758018373
118,807,9.700551457849144
118,874,14.108119829479381
432,0,200.0441285700131
432,1357,190.43094515267558
515,1403,15.822644921637865
1178,1230,18.381192454982383
1178,1583,22.63932249963962
1583,1,4.384296086109238
1583,0,26.968696157970285
1598,451,54.707550588741555
1598,1427,19.123789806171335
1598,1702,55.509094067594134
451,141,9.727705925689044
453,1702,21.80095282343516
453,82,8.468900443059317
1702,892,50.27632636790132
876,82,7.485661548628533
82,892,4.475607937445563
82,1504,17.62252786500678
82,1064,8.585755338215026
1465,164,6.6252670533690425
1465,186,1.2268605447172165
1465,624,6.737904000764245
164,835,11.758089663128043
164,1586,11.456810878657617
164,186,5.126046412379829
624,63,6.380198824271424
624,888,10.029333249571959
888,1218,23.453619534006318
141,1278,2.9965346537940176
141,1074,2.7722162392103575
141,920,2.010964958960661
141,1693,2.772300336524944
141,464,14.699978678319525
141,1200,5.508513091169931
141,833,8.046505121072844
141,641,7.49251826707451
141,688,9.90362004117087
141,1092,18.427658763215575
141,1901,8.85569355762231
1218,1806,22.52792915313502
1218,1278,5.061687339300028
1278,1074,2.469294764851539
724,839,9.510021218427703
724,743,11.57262047401732
743,1065,18.21695732965936
743,835,17.210661599496657
1650,1336,2.622878162172814
470,1162,196.42130462975473
1162,1457,53.03391748555202
1162,1565,165.3687429638453
1336,1790,28.701881492165782
1336,1457,30.310626303289006
1457,1768,23.736702095125587
576,1064,30.10063372785039
576,1061,31.36345233014454
576,1579,3.6679451655661865
1065,864,33.125976195470884
1065,1825,19.434094072243727
864,250,52.845048164769906
250,1194,60.255906547861876
1403,924,9.22966076981582
395,1151,7.418879704815606
208,1151,17.432420937664062
208,1382,19.491401026963217
1151,1422,12.184134310298129
116,1382,10.739110226640673
116,1604,11.328970429530344
116,1475,10.729808547152528
1382,628,16.183352267682857
1475,1834,6.304811026563904
1475,1684,13.418339834823525
894,1398,14.29240571469944
894,841,70.46891812183006
1398,1684,15.775000999478976
1398,6,6.409090442575011
1684,1729,9.405665268758034
1279,10,7.1528020562873005
1279,746,93.87166038070757
10,193,11.012343347982332
10,272,11.012343347956435
10,1190,5.572558782863619
10,1677,12.961261145063627
10,1097,12.10955789266779
10,1113,16.28300714164174
193,1383,59.17713493479437
193,1640,54.48518848395947
841,6,9.339462746894464
841,1383,64.84330657378028
1383,570,22.447979430635606
1069,4,8.905658494743664
1069,695,157.10143762801806
4,1671,7.31742725214808
4,921,8.9056451989884
4,1287,7.317427124542848
746,1137,37.104875863482164
746,1671,70.02737372579486
1671,944,64.45764430534594
1194,695,126.66872729957507
1194,1038,114.26167403349793
695,547,41.24731426662888
1422,167,2.6789438767438423
167,592,2.6789417163520346
167,628,6.392697922022802
592,807,48.966204092881
807,1323,47.45631219708907
1357,1712,119.335916649851
1357,1326,71.73963981735244
1185,1326,58.869209721265584
1185,1102,58.65979287980666
1326,179,12.90624228771004
76,0,4.621575037803543
76,378,15.24867496668413
76,768,9.30079823275265
76,978,14.670495905711714
76,1340,7.250290317277836
76,1606,7.25029031724796
1606,1340,51.30463629083947
1606,435,56.09311501785331
435,1401,20.075708308444206
435,1524,69.59427905665599
1524,61,7.536964669449286
1524,1712,76.10484836901276
1712,802,48.279235860870365
1440,1342,11.125601573935874
1440,1230,14.722867546592719
1230,1,4.384499187465113
1,1342,4.398688724331957
1,1781,4.396835061037005
1,322,4.3918035843506145
1,234,4.391528455715409
1,1700,4.3929949532956005
1,229,4.389331329200965
1,461,4.384296209224287
1,645,4.384496509847265
1,896,4.398678262455129
1,1622,4.396816799747834
1,1446,4.391784496399698
1,1669,4.391516169797868
1,283,4.3929908792752
1,0,4.38933094367081
1901,371,15.319605633263452
1901,1427,13.174482190018576
1427,1029,7.194933651317772
892,537,50.28102574500145
537,103,7.226339388923907
537,1584,50.005374626326
103,1029,10.074031305665056
103,371,8.150386461393309
103,529,8.066775299241954
103,1822,7.226339587217562
103,879,3.871412517282953
103,1001,10.951425669799372
186,633,5.270819539431394
63,633,5.1075985798223105
63,1304,9.30627072970251
63,789,5.967228497895259
63,1825,8.734505137445812
63,1711,12.357541238605492
63,290,10.229101705348054
63,1806,12.904914269284465
633,1304,1.301528088294445
1806,1693,22.983671491224488
1074,920,2.0069570804780072
1693,813,22.30420693083709
1825,1586,11.653330152585383
1586,789,10.409751617901705
1043,1565,110.96814307265886
1043,1805,107.86035189289993
1565,1079,81.38257155336663
1079,177,17.88704233716615
1079,530,64.93799776638727
177,691,10.634636238599708
177,565,17.898118954710345
177,539,10.633567962206834
691,1768,10.094564746780058
691,1900,12.21822927509162
1768,25,13.883490033970158
805,1132,8.499301726779137
805,1537,19.58164063294364
1537,1077,14.632585905521081
1537,1790,23.90485209018461
1790,497,11.28524595598293
25,497,15.749461254008963
25,1077,9.188650459317818
25,438,9.442682431859831
25,1385,17.34746956632136
25,1900,11.88383983893765
1504,1584,14.368421737852918
660,1058,41.08603319437264
660,1061,33.920685592165675
1061,1000,6.154502369139854
685,1584,54.247839165463816
685,223,16.9388912474836
685,1058,56.37901689239686
1058,767,59.02134824099667
1711,1038,43.79714281441366
1711,641,32.01172467816337
1038,1012,89.21199351968176
628,869,17.259865423873457
869,1323,27.948839550851304
869,891,14.01158767065381
891,152,5.975903581021921
891,1604,11.844412771536916
1604,1834,1.430622020163747
1834,152,5.757114751092388
6,1729,9.496952242267351
6,1659,18.18774660761192
6,1289,6.3993762618330505
6,1495,7.045081110896764
6,1041,8.796926961779542
6,1655,14.981811120630077
1729,946,9.006307423096203
946,152,5.966421158184336
946,1573,7.745963381790911
152,1096,5.751314645695773
1113,694,11.557595026687062
694,1097,19.978388222581607
694,1137,30.687504549663807
1137,88,6.809613632954888
1640,134,8.02605056929934
1640,272,51.702084793692755
272,413,47.49755804788071
134,1851,3.8754431309647828
134,597,9.601430293001428
134,612,14.303336525035443
134,886,3.393852867987901
134,988,3.5970003638900594
134,1126,2.6105720906440992
134,608,10.152747759708701
629,570,13.868685796435225
629,1041,6.219555926589092
629,1851,10.172323415882772
570,1655,10.698594430212065
1851,597,8.545566898248062
1287,1889,30.365384102180418
1287,547,29.969333837284708
547,30,11.96403409316183
658,944,59.009431437341675
658,88,1.9766360057714887
658,1793,58.45385221224951
1793,1867,63.17740260692922
1793,921,47.06887334192611
921,1396,42.25008810280253
944,1777,7.983485772820784
1253,88,11.089017687051658
1253,1777,7.866345360997372
88,764,10.014582887006103
88,1182,5.949824009419757
88,1306,5.949824009305935
88,1688,3.515458024935695
88,990,6.020231527677736
88,1777,5.999635077598775
30,1889,5.279289511421616
30,1470,4.429941613760372
30,1390,4.168879983715109
30,1006,5.6712958807474685
30,1078,5.671295881216352
30,996,3.756210174545423
30,1762,9.49671261713138
1762,1012,7.808716709967654
1012,996,85.40435796216005
1323,1096,47.65993190723342
331,1528,8.83690116428139
331,1620,18.848604584441546
1620,630,14.139293821107218
1620,1237,28.0184035212048
1096,1237,50.01441495109236
1237,1117,54.8152507701514
677,1102,20.635559366599104
677,1872,10.526344390749157
677,1685,19.149137256405204
1102,1228,58.851546877161255
179,575,25.547034333188744
179,1255,9.940162458408507
179,664,1.240990266154911
179,1804,7.690584703281634
179,466,7.998758238031967
179,1133,7.6976651601016695
179,1318,6.286154520347455
179,1228,25.537695826595524
1228,1053,55.49863936239813
295,802,36.46384296694084
295,61,9.716924400804835
295,575,27.619218901208715
575,1402,26.909439692551235
802,1664,12.969533697141335
378,1713,11.31718323244198
408,655,117.5600866890533
408,123,10.702140660620543
408,1713,107.16622563294217
1713,1758,96.20388552236079
655,1114,156.65763124832375
655,943,39.587213972942486
1114,1616,174.21614381470974
1114,648,17.59928968940721
1616,1895,182.62240539152432
1616,94,8.421179082018623
1895,0,228.36037535742594
1895,705,45.754441084221405
1340,1048,47.14899019869182
1401,172,13.687193649766225
1401,1046,23.656784136354503
172,582,18.729224116222127
172,1522,13.687142552101616
172,1740,18.72922371273691
582,1048,29.282549138549
582,908,12.899581230311941
1048,1533,25.007099421319474
61,1779,17.821621780982962
61,1772,7.548047217602681
61,1885,13.755070173788209
61,1160,3.209319651037804
61,1091,9.718550571530507
61,1402,16.76404610775274
61,1864,14.808859656561939
61,1664,3.3175300495850633
1046,1024,6.576372242691564
1046,1779,22.393176172368246
1779,1083,11.030864640895617
1664,1864,12.455176842655742
634,1781,6.318237025980312
634,1342,8.886933037489571
283,654,560.0447497800968
283,0,564.2796694161425
1092,516,15.293389294340887
371,516,13.267245396152536
516,1345,22.31632212267057
1001,604,1.4153216864782927
1001,428,11.04250241905727
223,428,13.004769811651421
223,1492,12.41572486206445
428,162,5.406734059297475
1304,789,9.396842568573627
290,1200,19.540476713801997
290,813,20.887744356315707
813,464,12.505921643882733
349,1805,22.189670685391636
349,65,4.398503013773219
349,1880,18.175296539402257
1880,215,14.067361322044079
1805,1273,93.4964617251392
1273,87,11.78896715382837
1273,398,85.73676866095819
87,530,8.508462537839755
87,1152,5.894483272896338
87,659,5.894483272938126
87,593,8.50844547525322
530,1619,65.38362799104792
539,778,69.52541586983868
539,1619,71.37416571197429
1619,860,39.06788800169568
565,1384,7.529826799181815
565,282,20.03072853174731
639,1900,10.284479358336311
639,490,3.7467052857759144
639,1384,10.529063342672409
1384,18,6.690021143021069
1299,211,3.4254638579730177
211,1132,4.658538667366575
518,1826,14.84448560747803
518,1077,14.441098403950903
423,767,58.36500140471479
423,1202,17.200141407054996
423,1741,53.81898301014089
1741,117,5.7970864811685585
1741,786,53.60581310939179
767,72,8.341798108707952
786,1210,1.4725804966450458
786,1544,53.6870037344765
1544,119,6.7103825527857675
1544,1414,54.08810894486836
1414,1826,53.8570970788828
72,1492,11.018733547492115
72,941,7.351042865365206
72,882,9.749007328566055
72,1197,2.7203542035508033
72,370,2.7238260903537617
72,495,13.007031372730673
72,1101,12.033197930840432
72,1325,9.667664152462011
72,844,5.729128694964244
72,1697,2.9341983896094246
72,973,5.714079010830921
72,1508,9.779618016692192
72,1721,3.0411914203568973
72,559,15.573992758900864
1492,962,4.623246584828037
406,641,24.836906067732436
406,833,5.687173769815283
406,1200,19.92634874328275
688,929,35.301821326518876
688,674,31.85915355276015
929,1251,53.82140196770149
929,1280,28.734921791381232
1217,996,84.6672979518347
1217,513,45.31986404432293
1217,1251,79.63193973071367
1251,1007,53.14643879487473
323,1573,54.14708942136945
323,1871,54.354268816693825
323,1659,17.233634612227142
1573,1117,53.79310745409385
1117,95,6.657186131199577
1097,764,21.053520252467678
764,851,19.517692793240478
202,726,30.721030039775467
202,168,10.566164110796606
202,1656,30.134164469508526
1656,442,17.784780685781982
1656,1190,21.152009709805085
413,261,8.242186588145444
413,1862,46.48022694550148
1862,89,6.730389993570955
1862,726,44.896741945090625
726,1515,29.58511475155906
1190,711,17.99486514081201
608,261,7.379393082715054
261,1131,2.310548001261964
597,1495,11.246959563158818
1495,1033,8.057509481923253
823,1396,33.90088041120795
823,1470,3.4554447188042463
823,1889,31.63785769453372
1396,1317,37.7426494347572
990,1688,33.230950781814734
990,830,37.42864386467441
830,1757,58.37734725461431
830,1867,60.036591866498796
1867,36,9.458822887383173
36,1370,6.581673159975874
36,1070,9.458822696192602
36,748,6.58168515912942
748,1716,35.82803791867846
748,1317,36.66606336001585
1317,1390,3.116451826752929
1319,1872,2.6927690346608872
1319,1528,4.491080537832243
1528,95,5.396491171789175
1678,95,17.253408412730266
1678,630,14.476513315672326
95,1872,10.796163205974235
95,1053,5.4060134566507765
95,1551,10.399141959986075
95,1464,10.399141960098648
95,1115,10.86224298436115
95,630,3.1778426507673694
1053,1354,55.161949747161955
1318,1133,4.469305023912451
1354,1133,9.953660447787309
1354,1551,55.73118031283585
468,1402,24.242312759874764
468,1804,26.45136986812563
468,664,7.217379672660983
664,1255,7.1941131722260065
768,1758,79.55971165518541
768,1791,77.41759207648133
1758,275,18.004983247160776
123,943,13.029102159130563
123,1249,5.279188801152082
123,730,9.94215741839257
123,1184,11.252240914936989
123,675,6.401598139721894
123,1592,11.639478204846615
123,1562,8.528750034023853
123,1062,5.132041038827271
123,1709,8.651856218553936
123,1766,12.905440356829875
123,275,8.932017124385476
123,501,11.246561702337374
943,489,41.068623479847126
501,275,9.21885780649526
489,94,16.549067778862547
489,391,37.98466704544306
94,648,9.689359622117376
94,1085,9.437927305086424
94,1540,1.5851442345707607
94,1291,12.911306086195081
94,386,8.421178876694063
94,1816,10.819832556878717
94,1898,6.604765345032569
94,1617,9.68935931864891
648,1540,7.910073260598955
1540,1085,8.056942179879877
1291,705,30.369073518654705
1291,555,32.21074640547371
705,1089,15.450356813729227
1172,34,2.8832705322176198
1172,329,3.2717940814118007
1172,1089,5.293342099341977
34,1764,5.037562596467747
34,987,2.8832687998851547
34,329,5.037563069446969
1089,113,10.660455749873906
1764,0,116.27620816688894
1764,439,111.3060261192511
978,277,28.112665223454258
978,1533,22.697502580425
1533,14,8.991826513527302
1740,1726,19.806334368862593
1740,1024,4.128084716279109
1024,145,4.46131634336117
236,908,11.162262236687745
236,14,5.729869009191152
236,1522,13.653675525310215
1522,1013,15.022082002168657
908,14,9.230386606206324
14,1848,9.826296103097
14,262,14.534273478448995
14,271,3.9196896277200164
14,1224,1.5991864478032347
14,1580,1.8061700445129645
14,1068,4.43487633254114
14,1209,1.801502510557138
14,1689,2.126594589068336
14,1576,7.993227839194059
14,678,2.170688465062969
14,644,2.2873918392768773
14,256,2.5006387064358386
14,535,2.303285299264867
14,1686,8.590947957026135
14,309,1.919135771419253
14,696,1.8985691115313414
14,533,5.387588920167561
14,1366,2.0492240166866047
14,1013,1.9729740242314333
1772,1083,12.247333668210786
1772,1541,18.78567446946601
1083,145,5.9041800999652345
145,1726,5.904174824152937
145,411,4.461316299388947
1625,322,4.670961361387156
1625,1781,6.060530449946749
1669,384,391.7640066564544
1669,654,395.61766005277536
654,1284,181.89067371950208
150,1509,5.29607827854469
150,414,5.246825704987903
150,1371,5.296076833146448
150,0,5.246823111031938
1284,1156,152.58197763580313
1284,1509,31.13835572607459
1509,1314,26.27647558709565
1345,674,25.800672982008344
1345,529,6.189611169454117
674,1822,10.267980215860504
879,328,1.328488628316952
879,604,4.120981926415113
604,162,3.902062059772137
962,162,7.831395657168674
962,941,7.411418051215182
162,328,5.84014020962708
162,1409,5.406734153500352
162,650,0.9514094975159338
162,457,0.9397010014959789
162,1797,0.019918743121208872
162,1745,0.01170293391804352
1026,215,11.30027472016183
1026,632,7.861705055390924
215,65,4.390250534974276
65,398,4.391537281406433
65,321,4.3929991883148025
65,809,4.3785067268912155
65,427,4.395276639897693
65,1742,4.3880728154189645
65,1293,4.3931900167812445
65,1418,4.396828321776966
65,1873,4.391796322989919
65,196,4.39152499618645
65,1142,4.392995113428607
65,1644,4.389331684422927
65,579,4.384296501734574
65,343,4.384502626549975
65,632,4.398696763582415
398,522,82.96714087340979
593,1150,22.081262615748255
593,522,22.16365573396886
522,321,74.83659691062616
860,1404,20.76534290329209
860,1140,21.050914039392516
1140,38,17.283310243233807
1140,1152,8.536756423219256
1152,659,4.6459028999078456
191,710,77.2056930435991
191,15,8.565852779098861
191,778,79.74589461346741
778,460,82.88861812809455
710,282,24.411868043948527
710,673,68.64723756009771
282,18,8.379327787604858
1404,38,11.788042336282158
1404,1049,12.862374071160763
38,1531,35.50769654793719
38,1170,16.68627112185654
38,558,12.759563282463047
38,341,20.41771436367598
38,1009,20.729852838477683
38,483,13.721651516202975
38,1539,16.124767019778
38,361,11.328321257329822
38,1049,15.325072919862162
460,1365,53.78324668873347
460,1531,47.04407999592589
1531,380,30.934783944641474
18,367,8.378356959470992
18,838,6.678941359941707
1385,490,13.374492974902884
490,367,14.48015395989789
367,438,15.837228310280683
1826,266,61.28595238817707
1205,266,64.59349018614226
1205,940,68.04809643531864
1205,438,24.61297680172005
266,1637,8.933293875512566
559,750,11.749880913432493
750,1721,7.9564347434104725
750,1202,14.431984123965744
1202,1697,13.54783778617577
117,1393,7.1836096099436375
117,1819,5.797086587403577
117,1210,7.183601444027036
1697,1393,11.536481855643512
1393,844,5.805296535356224
1210,577,7.2970311874289555
119,577,7.069731988327892
119,1680,3.722346048026706
119,299,14.062260403780812
119,963,8.200351561913381
119,1593,13.89623569458731
119,1637,12.460382403939192
577,1680,1.8070843265794616
941,1745,0.8027300992113965
328,1822,5.989333828141926
370,1280,17.936208361435288
370,1409,15.538295695683189
1409,1197,10.671190313954957
1280,495,11.830838951996125
1101,1007,49.87715998205856
1101,1890,51.10617852122526
1007,1181,17.315002800092614
1078,1138,40.60440418616707
1078,513,40.25180362428105
513,112,10.60955332824699
1181,112,22.61416481189739
112,1248,8.132210901864552
112,1264,10.521545309043919
112,494,7.052631519315206
112,909,13.360945754262694
112,1093,26.14493111497357
112,407,13.732731421908053
112,1890,10.590883219277464
1115,1629,25.635038352160592
1115,1871,27.318460555790278
1871,1289,55.79272434434844
1289,221,54.74470804197707
1677,1127,10.743571970359353
851,1558,14.867846420186842
851,1718,10.042047161296352
1127,711,15.754618714139555
1127,1558,9.821253280094886
1558,93,8.03852219118075
1718,93,6.168592143294214
1718,1182,14.828662234323644
1182,1341,18.454379279160165
711,1821,11.24980089693474
168,1515,16.03986739349485
168,690,10.566131126245356
168,437,8.488086882432452
168,1108,11.162657855470703
168,1222,10.902850986957151
1515,416,35.3190560875856
1222,948,8.12777822277804
442,948,11.998263997213039
442,69,9.131928636662504
948,1796,9.481785117778891
89,1131,2.6179242167894747
89,1381,2.598543316607597
89,1234,2.6149818364849127
89,729,6.730383924113051
89,416,7.8314474233303555
1131,1126,1.9105980312256094
416,1865,37.60823723725281
775,69,5.913419142805324
775,1348,3.3185999689566166
775,1821,7.018443353545518
69,1796,5.913408776354172
69,1307,9.131928617579133
1821,93,6.167055587821406
1126,1381,2.2967616699066435
612,1033,47.04447948178668
612,610,45.51521768185529
1033,221,50.24012231498762
221,474,14.727607964080761
1688,222,31.058289488277655
788,43,8.531333677173526
788,810,5.004041100353729
43,222,6.091618258767705
43,185,6.09161825888335
43,1243,5.50988281469602
43,1055,11.454557218566736
43,1725,4.443934038224358
43,1601,4.443934038224358
43,1220,3.489989153894903
222,185,27.162991008435977
810,310,52.075389412902986
810,1757,54.01377895752925
1757,1370,14.4029491559832
1370,836,12.780350177172465
1070,909,21.202718027572505
1070,1716,18.948611211844955
1716,1006,39.864718774432035
1006,1138,40.93620467726862
1551,1464,54.71422159763987
466,1856,27.825105735111308
466,1744,28.88385065471446
1744,757,36.437143729027255
1744,1846,52.81892184302115
1464,1846,55.65619406699392
1846,1629,24.589125962456535
1091,1376,30.121932799135454
1091,1613,32.08979732511163
930,1613,34.70334470730296
930,294,41.30986691754239
930,1804,31.145325986706194
1613,1840,9.322270986547613
277,1791,33.23954753454885
277,715,17.262433902745578
1791,486,81.6319789709831
1766,1356,52.021172550034
1766,486,61.2796122839518
486,271,49.36014838236722
1828,391,11.229470319905968
1828,730,7.844737511250051
1828,1249,3.741215163498861
391,412,43.19717949324506
1617,873,36.10958843550467
1617,412,35.403431435502405
412,458,51.34080204640183
386,1794,16.743506383853205
386,1898,8.731470307855865
1727,555,28.726183969689068
1727,1877,24.735193977127395
1727,727,36.467833023039105
555,113,16.674746146658947
727,1747,21.52599423220511
727,1179,41.30159981343175
1179,92,6.655424113441252
1179,1794,42.20082518668087
1794,1850,40.580689418371115
113,647,16.676079740406784
113,1642,10.64941615032805
329,647,8.062783495446602
1599,439,101.74561212607995
1599,697,18.020191631153484
1599,1525,84.57853258134047
439,183,9.941277148558893
987,1525,39.99652751248981
987,1050,37.47146235388648
1525,382,77.97720258227753
647,1050,16.49217399466832
183,1782,7.239044771097015
183,206,9.941277050171479
183,1698,7.239059002355247
1782,0,78.37012301752901
1782,686,76.42378154435085
715,262,13.193339624684375
715,1848,9.091810677460973
609,1016,50.8260667260439
609,1066,58.12322215825191
609,1726,21.729124734942495
696,1714,18.674521590150224
696,1312,19.728613639029582
1312,309,8.541496205283554
1312,1016,25.647629875565276
1714,1013,15.33963408465909
1714,1366,5.926319748916922
1016,535,36.65828220459799
871,1541,30.979459834544336
871,1376,30.790978456808674
871,1160,10.13340739978024
1160,1885,10.39020909583706
1541,1052,28.186260760333315
411,1066,29.423682959624877
411,1052,28.45130385289574
1052,817,6.69058499588135
692,239,6.3182371397404
692,322,6.060530274116595
1446,976,132.02326786426406
1446,384,135.73189211301752
384,1214,267.52263299503164
566,66,14.745469785736912
566,1157,4.687280836781373
566,843,17.454276477948422
66,1510,10.798577123281886
66,1246,14.402324905828273
66,1275,7.3891920073778605
66,404,8.924383294743143
66,1035,8.924383295578322
1214,1456,179.3636482510882
1214,1510,95.33650990262419
843,21,5.08032062199487
843,1107,19.276367580726763
1107,1075,132.4763478567088
1107,1156,147.02211615513545
1156,142,6.056406660994129
1510,1303,85.33836581388283
1371,1208,45.02246915263934
1371,808,46.13820541329944
808,174,12.920752507426041
808,0,58.718448870961666
414,1314,26.63104998717995
414,853,27.952728529812312
1314,142,7.480799731706508
142,1165,7.4845863880279495
142,717,6.045946059354728
1745,594,0.7973464329485982
632,1195,7.217513277330891
1195,343,4.498913480892135
321,1375,72.70794460574677
659,361,6.307335680904911
400,361,10.027700090845194
400,769,9.112793404305485
400,1150,16.896759101337555
1150,728,12.630105928561466
1375,51,9.779053556049965
1375,809,69.57405288794445
51,728,16.641926413316902
51,769,6.833327052186305
51,936,7.434881443156128
51,1630,7.43488144312619
51,1367,18.384503365914018
15,1086,16.681473480978728
15,1556,7.769019791495075
15,556,22.847070160160214
15,661,6.520399720513574
15,375,13.02643739615219
15,554,18.312602277395747
702,673,24.38102602529811
702,1521,18.712229286389295
702,1086,11.955625054008168
673,1516,61.83996589238851
554,958,17.256306578960736
958,399,41.44477132013636
958,991,41.158318081172986
991,1482,8.696804521180116
991,1596,40.35829196663608
1596,26,7.876137261672731
1596,1365,41.63326090154233
1365,932,15.617125207583415
838,940,61.24564724253869
838,1516,60.85062366687004
1516,132,8.824124234669409
417,380,25.996372287090274
417,1177,31.3609176840504
417,1170,12.293510287141563
380,184,8.68583545593557
184,932,7.60462779031419
184,854,8.686852620479172
184,1003,7.611313287918095
932,1431,9.677317498536059
940,1054,44.28287503341402
1593,203,21.745946611343353
1593,1054,25.471862835951747
1054,642,24.884273533248454
1721,973,5.869122618374282
973,1508,7.18308157615528
954,844,9.502497288435404
954,903,12.321604241619179
954,1819,8.585761895900449
1819,1680,4.13780302380364
457,594,0.8003159728849264
457,650,0.9268774314998507
650,882,1.6969508077647653
594,1797,0.010831654932849459
882,1197,9.839079702872663
899,1890,53.54587888459267
899,963,54.820086889480585
899,1325,18.473588037637484
1325,903,17.515253592797517
1138,494,15.832158868401994
1248,494,9.51838003066911
1248,1264,8.272236667765915
1629,160,14.285267012811754
474,160,15.96676390919194
160,925,13.259225643000015
160,1756,13.259225643496658
160,751,8.87202995934908
160,237,18.605794847071227
160,478,5.376895543640298
160,1567,6.024716497471106
93,1348,8.045112849371135
1341,1243,23.683863159408617
1341,1306,25.34727398680007
1306,185,24.192032596096524
1348,1307,9.011104564768496
1243,1269,25.167437757021528
1269,1307,15.087934606254276
1269,1827,27.52394141025948
366,1865,45.71296068269901
366,45,6.361644428116725
366,690,47.529049512084775
690,550,52.6234748713397
1865,942,54.47842884733468
1796,1108,13.024274744444847
1108,1827,22.20288138602481
1381,988,1.894032437494212
729,886,3.7552664361236894
729,387,8.996052911758008
942,387,50.41926512876198
942,1784,31.13307244867193
387,610,51.25383978795397
988,1234,3.0758618273895366
610,1567,29.638211683276758
886,1234,1.6074167834381499
1567,1161,25.730532122670073
1220,1502,12.634153464301798
1220,1753,15.097296307804598
310,1753,48.756776202967366
310,78,7.052785278499624
1753,1654,44.13076403605697
836,78,10.737688072758333
836,475,15.023791474505096
78,1359,12.678833924575319
78,1231,11.144120991634171
78,1301,9.299870665422548
78,617,10.826785309012527
475,1211,12.907656707686833
475,909,21.715228117216412
1856,294,25.761091703603505
1856,110,17.890086738977548
294,1486,27.248655824628525
110,950,10.376477282355115
110,1807,4.6363495775127435
110,780,8.179461160586047
110,1754,15.091988789390019
110,757,9.78680693517233
757,925,36.41300718237914
925,1756,32.43047103155316
1376,128,5.3546082615624995
128,1840,12.617150166321473
128,817,9.413810219945473
128,1469,13.067359400694984
128,1143,7.3433151835475465
128,1755,6.765434764452628
128,1824,8.830772669033687
128,1860,5.538800059477156
128,448,9.023124212647481
448,1807,24.94069247163709
448,1486,26.007994720163214
1486,950,8.175551780882492
271,1224,47.144658484775796
1709,675,8.37914287772976
1709,818,14.22947391917332
818,701,37.768050231365756
818,1047,38.41694330496899
1047,1334,11.109514512203246
1047,1356,41.49332965025853
1356,111,15.536117987043154
111,1878,4.622686877507538
111,319,4.622686877612194
111,405,11.334543851440616
111,917,8.90739553667586
111,197,17.10270357456254
111,1449,10.096386297459448
1449,678,50.89087369400871
1449,1566,48.05412096732411
301,1566,46.90609424467163
301,1209,7.240942836216652
301,1224,46.70520853704705
1566,1689,8.785547596505833
458,135,13.44577036428249
458,553,57.398517440345536
553,1603,70.46277579096375
553,1184,50.494166945676014
1184,701,43.96964020315142
1898,1816,8.43099049434399
873,1850,40.38815634598903
873,135,19.31043457953025
1850,971,1.6454591526007782
135,703,5.588335877720615
135,526,7.857383489463609
135,682,19.31043428245438
1642,1206,22.48706443468723
1642,1877,24.174566605852664
1877,783,12.724350276998411
1747,56,5.294164746394911
1747,1703,18.470487437937283
56,783,8.930222258553943
56,1347,5.300863862644974
56,1235,8.931165005667493
783,425,4.239123147451088
92,1128,6.392275867459286
92,251,6.655424013899026
92,971,6.39228429660629
1128,1703,11.55818247025371
1128,1192,5.689344809733204
1703,1460,21.212269874888822
971,703,6.511315951064064
1050,1206,24.978092459016786
1698,915,6.897353657617532
1698,697,7.283104279064205
697,155,12.643471324516959
1206,100,11.708312406710137
100,1523,17.65812002458905
100,1761,11.707232389716408
100,472,10.047495139411936
100,425,7.617354382218623
1884,382,73.4369826132412
1884,771,6.162854104715545
1884,1774,70.92222138164325
382,155,11.42130233414948
1523,1774,69.91964307729741
1523,951,69.82068450351258
1774,155,4.386492651246778
155,226,16.567187269285586
155,706,10.493925868554596
155,225,11.513321511856198
155,1034,7.014546977516644
155,771,4.983245248038884
155,1695,10.354997705735599
206,706,17.567003359458766
206,915,10.505153405099088
623,1477,69.99094222014311
623,124,7.952369930539294
623,1892,70.71871287725418
1892,1247,76.44147070490905
1892,706,26.557994893609187
1477,686,74.07636761426681
1477,651,19.406403190730042
686,84,9.75677996520936
84,837,19.102994980744832
84,561,9.756762216873238
84,201,19.103004389445598
837,0,115.35150154812735
837,640,96.26535804030667
178,1378,4.7113930115151526
178,1552,4.711393012443246
178,926,4.557192958783803
178,541,7.896814380862077
178,1738,7.8968143812497535
178,1148,5.508930089157397
178,1109,11.58442997730701
178,1212,8.088858855273386
178,587,4.652890071281344
587,616,51.837133096676666
587,1469,52.996652481631344
256,535,35.0066545463088
256,1378,34.84617503075113
1378,1552,35.75760032698361
1469,1066,57.24049833014736
533,1366,4.012956807954342
309,1686,6.932201776292651
1581,579,7.207602492022611
1581,239,7.856235976047947
239,234,8.366747532920192
234,1644,6.333498899209481
1622,487,115.27148052914325
1622,976,118.03485250475399
976,31,17.74474002932894
1372,31,21.866479048501795
1372,1456,15.957764519213013
31,997,9.777802100379805
31,1736,16.298008206003516
31,826,28.981966895967165
31,269,22.134183276613467
31,1330,16.77542150511329
31,1463,20.87050296636129
1456,1415,164.2621345097048
1035,288,10.980809603125484
1035,1157,5.490659135008715
1157,949,4.785558253726708
1246,1676,10.197571036039975
1676,1303,43.942450831184864
1676,257,36.38436500638245
1303,463,53.49681696956247
21,949,6.756346968399615
21,288,6.916648619134152
21,625,8.619597963965731
21,1075,10.13369204289755
1075,1219,129.69496542003316
187,216,67.49438365458013
187,784,15.775513106242952
187,1165,55.30808706773757
1165,719,50.01591822702172
216,1219,93.68285008922429
216,1778,36.10586558998348
1219,327,75.14241685781114
240,33,14.739335153662445
240,1769,13.165622731734206
33,1415,18.630153973496224
33,975,18.630153972577528
33,1315,12.571676469419412
33,707,6.268943486608058
33,828,8.532332991073634
33,966,9.206411541820687
33,1045,14.897905885543704
33,1167,12.488497486690441
33,484,11.161191088571115
33,1500,11.570046408051395
33,218,11.570046408166247
1769,998,43.69266360813129
1769,463,49.49866462589795
463,144,6.646300805769878
1415,975,146.5815235240069
853,725,43.18282083558182
853,1208,46.143358129255496
1208,666,27.45425502741695
174,666,18.311945676102827
174,268,12.920774949397606
174,1350,18.311933667755195
666,1377,13.000386672330885
1350,1788,137.3174681831367
1350,1811,146.99358299625416
1811,57,3.2382844465075817
1811,0,148.94405921702122
717,1329,37.14711798986866
717,725,37.007405159943936
725,379,12.57866044125927
343,709,6.053798138922277
709,579,4.498910777004693
809,427,68.76668444119902
1539,936,16.15273859694189
1539,769,10.24681006545657
1367,1163,66.82041296015146
1367,1459,69.63411229848879
427,1203,69.93916353619403
1203,1459,74.2315989690052
1203,1742,92.76022747983842
1459,1400,7.201963659800268
1521,132,9.688733518138049
1521,1556,17.272648583611588
132,1494,22.048810703463317
132,642,11.200375713893049
132,203,7.3529229330538595
132,601,7.35292293293813
132,476,5.25847921664022
132,287,14.226232745701108
132,1298,6.841848348172605
132,213,9.137394856868099
132,1483,11.983936037532457
132,1624,7.073136558240517
132,1432,3.642913868568474
132,1175,7.069722190230442
132,1027,9.688733518153207
1556,1027,17.881007385085038
375,1173,43.03225845277245
375,399,39.97012459821396
399,26,8.607852807604104
26,782,12.912848985115476
26,585,10.408125350084902
26,1832,7.379489391829559
26,889,7.379489391829559
26,982,6.686498221393504
26,1431,6.6864982204682555
26,1482,6.8554686561146925
26,1602,15.088087155421807
1602,1482,10.77948460330421
1431,982,6.004305090659264
1494,642,15.588758429657148
1003,875,28.409356525180854
1003,1177,34.109301766206876
1177,1749,47.7059952292109
558,1749,33.49931851834375
558,1771,34.43041469174212
1749,791,41.99801022590907
854,982,8.238410173689013
854,1896,6.4626145257413565
963,923,54.64966909208639
203,601,22.711447317915884
601,923,25.82371847431395
923,476,47.38486749633507
903,299,10.120448336116633
407,213,64.63479585736624
407,812,54.92187886499167
812,1298,8.084383808436357
812,476,50.288019258844095
1055,311,9.703257185859018
311,1827,40.40646332421323
311,381,45.834523280874905
437,550,7.370928347148431
550,1146,57.953161120703236
45,209,8.639598296733746
45,363,6.361637892701806
45,762,8.639596402672424
209,1784,20.3156246785466
209,1614,15.120778797051669
1784,1283,12.850364736790064
762,1467,39.59563224810407
762,1305,44.19669663338159
259,1661,84.43549859210121
259,2,7.509527417594861
259,1146,83.70407409041754
1146,1882,67.35755289349696
1305,467,11.772295163381566
1305,1553,50.6367525662573
1553,914,25.504864927661263
1553,1661,66.61030572563111
1661,1574,56.3096513063027
381,1882,56.63591598628283
381,1022,25.045339243520477
1882,1763,37.56658862035731
67,1493,9.760907690570892
67,1893,9.204478609280834
67,235,5.456924727004337
67,643,3.406737539684539
67,419,12.046899110508656
67,910,12.622780933043346
67,1614,12.046917101489251
67,671,3.1464094579056665
67,1067,5.358343392869639
67,1283,9.21015892769678
1283,671,3.8157693229810783
1493,1161,21.709581985172765
1493,751,16.343173870828075
1161,478,13.509630834766881
478,237,14.249616564084443
1601,1725,10.209641966936926
1601,1502,8.24393957335508
1502,180,7.885409686585294
776,1654,37.765059525066036
776,861,32.51007818707992
776,1359,9.834821820333081
1654,1701,13.360261474176214
1701,180,17.397749302198
180,1022,14.593445151811858
180,1176,10.133955512876048
180,1538,10.133955512762089
180,861,9.585903483807815
617,1211,7.94964007274142
1211,330,14.347966783376915
330,1301,26.72511051457464
330,1093,19.93424729323827
1754,315,12.65955213356051
315,1258,42.939726442892606
315,1756,33.60324299610859
1860,1755,7.041114776441101
1860,1008,12.066642232483979
1008,1526,36.37879742723019
1008,1807,25.12441898811602
1062,1562,7.230083403429924
1062,675,3.5591769430601277
701,207,10.12420330120096
1334,44,7.301961814474848
1334,1878,4.217070066380203
44,207,12.609025370521866
44,1603,7.492487519301903
44,426,8.79359235719846
44,296,11.599122115112795
44,752,7.020399172050074
1878,752,4.310699794576765
197,895,12.401150123067856
895,1417,57.65213809368899
895,926,55.18509507250209
678,934,51.29121526485984
926,934,54.83475987934631
934,644,37.944287736340655
1209,1580,5.4851776343156216
1689,1576,6.837006277087386
1580,1068,3.718241400735546
682,291,101.20069109672892
682,385,95.01244829124394
385,1783,52.98245925178719
385,1549,68.74435830488868
1549,120,5.0160969402061895
1549,1153,68.460683224405
1153,525,25.499490496190003
1153,1603,70.23289918587298
703,526,3.493949074255634
425,1347,6.378667727227034
1235,472,10.621591337608763
1235,1460,15.834925051038747
1460,511,23.81407228689081
1347,472,3.4447124645708054
251,1192,2.74995394544129
251,1300,6.639900364033125
1192,46,4.268314472162304
46,511,3.7539250075903663
46,1658,4.2787535561270005
46,1300,3.7577332783132187
511,1310,26.050962078370734
1300,883,7.367207270447242
526,883,8.683798065134042
883,1658,10.067809972168568
915,226,12.526141140843267
898,951,67.0523895626759
898,90,14.828691804031429
898,1578,66.30620902753944
1578,1265,70.00655925920651
1578,965,60.73610817931512
951,1034,15.259380792607585
965,75,8.790697576912844
965,1761,60.53574101618649
1761,1310,60.97848647457679
1695,771,7.446393706138838
1034,1665,15.733762702020014
124,651,8.821819657826078
124,326,8.821819658504246
124,1733,26.064721766149944
124,687,4.756281309840495
124,1610,2.89333872132523
124,449,12.786144146759563
124,324,17.46741788033989
124,749,12.364438188649547
124,741,13.628077623710887
651,201,20.415410363729443
741,890,9.727004039998953
300,1803,56.33992984160929
300,158,4.088332776763752
300,1247,58.29129788869365
1247,189,59.18130154226204
890,590,22.24926267654954
890,1803,29.43244171483903
1803,227,39.25356737877691
201,326,23.73199473476194
189,1433,47.767069988875576
189,627,30.294260814489764
627,90,14.828674548954526
627,225,16.91901589580925
225,1665,14.817198687114793
561,640,84.0276520151595
561,1638,84.02956502656433
640,1073,15.240010059397727
1708,50,10.589590582584323
1708,1073,7.966864966433136
50,0,12.745835220544915
50,1331,8.97569494209588
50,345,22.5171048516386
50,1853,8.063009043675489
50,974,11.211244710277393
50,1638,11.592360414839023
50,798,10.79649087515735
1073,798,8.94434853496575
1552,644,37.24715420336014
1212,1109,7.406442341977093
616,1109,15.769559760302542
616,459,57.39341697515221
233,459,83.38388937712448
233,911,22.509683649628144
233,1143,92.86347974550203
1143,850,95.66814985313286
459,297,38.202109799670346
1644,1700,5.311756401396881
1700,1142,4.7970258533509895
896,1434,107.15383428289971
896,487,108.83115730498972
487,997,16.865977881516876
997,960,15.562230463266339
1463,1854,15.27906091482565
975,1854,129.1681172654874
1854,758,118.12152397147874
404,1311,22.23112590993679
404,288,15.627424096322772
1275,257,24.21855492280714
1275,443,22.7470902331567
257,794,16.404943813025987
722,144,5.828256019199397
722,794,4.291825218236571
144,1673,3.75387806786902
144,1424,12.962761787985682
144,1582,8.275197228058863
144,1628,6.373444121795388
144,1715,5.138419389344662
144,777,4.640945932352207
144,1759,11.719272762503861
144,443,9.011910746631184
144,1466,16.97421515475462
794,1466,12.70596734110079
625,1461,66.55137928886003
625,765,64.44610593625643
327,765,62.72261140313963
327,981,18.655843119908347
765,19,9.765971850396097
359,719,46.32234795425173
359,595,25.02338277733791
359,1329,37.097852235386284
1329,175,7.287188736541317
719,138,9.255607570173401
784,138,20.679176669660464
138,766,11.054798631095384
138,1820,11.89210400027006
138,1295,11.892104001201139
138,523,17.20530962680721
1778,126,10.464819105891726
1778,1838,26.710850799862
546,1838,23.609355960825976
546,126,9.811637840808233
546,766,17.419911676452678
766,1201,12.377758117936486
1838,1017,5.439388104638042
126,1517,14.197679183011177
126,712,12.698451821993816
126,520,12.698451821099491
126,1201,12.370267022791637
126,248,6.970488583808805
126,1017,3.67739493385011
981,19,6.104489566672531
981,1517,15.330324992275667
1517,1244,13.149782697792991
218,279,21.17016018241215
218,998,29.172416823599395
998,190,29.102452875233606
190,618,13.291943973725084
190,1673,24.953945909362353
1673,246,23.48471947538021
1377,175,9.033074153127826
1377,1588,10.275653830501344
175,379,16.56739040186086
175,819,9.556778553405454
175,1752,14.47411520156333
175,1569,6.691508592650389
175,716,3.5313458770671535
175,313,7.91042597698633
175,867,11.984943945177308
175,822,1.5095485948022156
175,1588,2.4199919084432238
268,1588,10.784928606058843
268,822,17.066164774894748
822,732,18.379447842873493
602,698,130.6694384452712
602,101,9.910219039431466
602,1788,133.3357970877979
1788,1894,54.68312355988847
698,1080,118.83602282336193
698,1358,31.75775163060423
732,285,17.1494214275124
732,1080,34.22963875568814
1080,1569,102.4413292244918
57,589,5.698780730165651
57,1842,3.2382850244304526
57,1527,5.698778439337835
589,1894,21.067030904208394
589,1704,16.356722849021654
1894,1585,38.87802833932134
1527,346,21.661181457195436
1527,1254,27.271805018799558
1254,1331,78.17599732542631
1254,0,105.30546151731748
483,1009,30.803359962548278
483,1668,37.17631898947081
1668,1630,39.012531870425384
1668,936,22.245833405506634
1630,1391,38.7400183260112
955,1391,36.30270502673381
955,422,54.40483197669945
955,1163,68.66042221870354
1163,772,25.275203417508514
1391,99,12.524057357244564
1742,1293,91.93635620970093
1281,7,5.509931416777865
1281,907,95.61622627039583
1281,1293,93.01221015275932
7,1400,10.109815706059166
7,772,22.155657799641634
7,1572,3.4792934592941247
7,720,0.5607446455719833
7,1615,0.5723873856465452
7,552,6.446731496045104
7,1855,5.592588576222496
7,1536,10.23835668223142
7,1349,7.887128656873415
7,312,7.887128656665994
7,1748,5.778315170467103
7,1681,9.84133727328475
7,418,6.598654239951764
7,1379,12.536006423503245
7,960,5.076668365189035
7,1434,5.509931417685703
772,858,3.9159175146213543
1027,1175,17.468706106911004
462,1175,20.322361031346322
462,1267,26.886133391156076
462,556,16.27386222206023
661,500,92.67787136039288
661,913,91.83643998303324
316,480,87.35736961081285
316,1899,8.902194202525544
316,1173,87.01470983324572
1173,782,72.9248517184297
480,753,86.67633471705078
480,1407,35.464112036162604
913,1861,27.71719605670778
913,753,87.44692352084957
753,192,4.897351251827056
782,1447,68.45757019858625
1896,889,21.0678912866482
1896,875,24.279884492174173
875,28,9.683286497112329
1124,28,15.690117476270492
1124,1021,12.638923787413542
28,1666,9.370538110018433
28,1722,15.966764363018612
28,263,13.939731004581905
28,1875,13.903573119773833
791,1021,35.19538015297215
791,105,11.524000187213625
1021,1813,25.594970740855125
245,1771,18.389694472440464
245,99,28.953174817084925
245,341,24.408237159111664
341,1009,18.646958940953414
1771,957,30.72044537911766
957,105,5.603185246141107
957,689,31.38198424859042
105,1455,9.320866966418237
105,1737,6.661419631382908
105,1484,6.598285693577956
105,1445,15.304793094882381
889,1832,16.155743704472815
213,1002,70.14854867596908
1301,1002,29.49911555529077
1002,1641,83.39910509339666
1298,287,10.148949824375933
1022,1725,13.416711145773675
1614,363,6.5574975573273795
363,910,10.249667034849699
671,1067,3.9823327075966284
910,1019,20.62202999900752
1019,1561,39.69671675994458
1019,1467,40.01619737914253
1467,161,8.254015591085468
2,1789,4.4833801921675684
2,1149,15.002044675789612
2,723,9.745316141090255
2,500,11.026582588509935
2,1392,12.094173529035954
2,1450,14.400856110224899
2,1296,5.323797625067673
736,1174,25.480319759048854
736,1294,23.664294630051124
736,1789,4.043656742670449
1174,1574,31.561126831429664
1174,169,7.141802744753522
1574,369,50.387168680865244
1296,1763,4.220968084115044
1763,1808,35.53725247036808
467,161,16.343717969210402
161,1187,16.099940598686956
161,880,18.024338623796282
161,1507,9.538531571087747
1507,1489,17.98006575441102
1507,914,20.613191907904408
914,29,5.439973960276186
29,1489,5.366910787711809
29,1250,5.439969676273638
29,369,5.36691126158254
369,1328,50.1629316759913
1176,1808,33.13125337931955
1176,1392,32.54414597144646
1808,1450,11.948351201295884
1893,477,12.861574024129979
1893,643,3.87370990936182
477,751,21.079729978873292
477,1258,30.97295932138344
861,1231,38.743720041238596
1231,339,45.78002582557329
780,1561,75.13557428208675
780,419,70.3209241173257
1258,419,63.702644293893265
1824,1755,6.587829630107095
1526,850,116.31509504481934
1526,1187,105.54442867192024
850,281,94.30582550887473
1187,1561,97.93227555862012
1562,1592,8.274296014437025
752,319,5.842457637552435
319,1302,3.5728248312362245
917,865,29.584601389442206
917,635,29.667647702717613
635,1180,55.95618894846016
635,1417,60.62766534111135
1417,541,18.63339646109664
541,1844,13.361338553262748
291,504,72.82456614717056
291,1611,93.01290570762993
504,1226,63.347600446643966
504,75,12.648594365193519
1658,1226,13.902026799912006
1226,1310,56.84889244829046
1545,163,13.771988730161809
1545,679,9.783538544803868
163,1611,5.5916986736516305
163,928,8.178072015455022
163,1765,8.178072015455022
163,676,6.775703911424169
163,195,12.937040576074772
163,1189,18.9750440310991
163,1134,13.646437860488275
163,800,22.025350801169452
1611,584,91.53169345302977
679,800,19.22175421149807
679,1783,27.37629278059995
1783,1441,32.356461158718325
120,224,4.937527785874471
120,433,5.022047666187423
120,525,4.934269859622596
224,1441,19.54502112138273
224,1587,15.433217130279168
1441,1259,17.91928592868782
525,426,26.441025404502646
426,545,28.59255656398209
90,1665,7.433437544559029
90,1031,7.433438828232991
1031,318,40.94158387265348
1031,1081,40.96994186586559
1081,1663,34.86761246053344
1081,1265,63.367609228399914
1265,731,19.250491523321905
75,731,12.64857252337249
75,1728,8.790697445919713
731,1213,17.533406001137042
326,1147,20.552589558390103
158,1236,6.640777282673951
158,1691,4.096845985564645
158,1433,6.647922354381546
1236,227,21.24533040218207
1236,355,20.06051632612441
227,845,31.36958209153136
1433,619,49.207386757511884
749,590,8.785444086903713
590,1888,16.28048344547171
98,1888,11.959174055374032
98,1204,11.481910532566568
98,302,11.959173794481519
98,289,11.481938636393535
289,607,20.830888585473588
289,845,26.53833145057684
845,574,9.180756264624225
1888,324,8.30610358390655
1147,260,33.21968277367499
1147,687,20.38864044229898
260,1638,83.84342539559803
260,274,74.76821382678693
318,619,45.97718797039742
318,153,18.81257001730501
619,1691,31.657177213344543
1331,787,73.65895764482097
1148,878,7.266313002579148
1148,900,10.808811830438778
297,900,25.854504469474126
297,125,13.182125509848424
900,1815,15.738904560117184
911,125,13.18212550996422
911,774,10.877158805718423
125,1059,9.503316571597098
125,401,14.224802245055228
125,1743,13.273686282898462
125,995,10.631445766081715
281,140,6.770081004202987
281,916,91.11912546046665
140,774,12.102454466636729
140,548,6.77006444181542
140,1883,12.102454312834958
774,995,9.575966657399228
1142,229,5.311752577164383
229,196,6.333494328483787
645,1873,14.372824933729811
645,1418,18.187368365047394
1418,907,22.388177698922593
907,1434,105.31155998475897
960,744,13.362469254510803
312,744,9.003783587716175
312,1736,15.16919541577781
1736,1349,22.963822935520113
744,1748,10.8464385222098
1130,758,31.398037936152676
1130,106,5.251164356590786
1130,1315,27.185654344571088
758,1330,99.8219265761099
1315,814,22.1170592403687
1330,1563,93.32678769282562
443,1311,24.72501148903119
1311,1139,41.16359591898196
258,1352,69.59502428671286
258,1535,13.056600991957279
258,1461,68.51486974807538
1461,19,9.985143134067718
1352,1139,78.59589844909213
1352,1227,54.03226564098759
1139,733,60.93797208701112
19,455,11.668514807872675
19,1849,15.23768896005054
19,396,10.093132618743308
523,583,24.07554069655257
523,1752,25.464970635966353
1752,595,18.548826081764677
595,819,7.3480297973226065
1201,1820,20.676375228352267
1820,1257,30.822666445670585
248,1017,5.446159232331014
712,1849,22.59309039538122
712,1837,33.135615018547604
1849,1244,9.642951155791565
1244,396,7.1820409554979
1500,1426,11.67056164974126
1500,279,17.074961854502554
279,54,6.122406670377684
1660,54,5.33482692210831
1660,877,3.7993304348906527
1660,618,8.42423080361236
54,1426,9.713499173032638
54,1605,6.122657843319449
54,877,4.385429432939365
618,79,7.903323290381588
1424,246,11.105033268118735
246,1582,20.39409741045493
512,79,10.262192366638896
512,792,24.02387923654601
512,1582,23.192133302415623
79,872,4.387820238940152
79,1120,5.874388693081098
79,199,7.903323444285392
101,344,7.546623217078021
101,827,12.568438577243633
101,1780,2.937706788145127
101,1626,12.3093598790716
101,983,12.131192189288353
101,444,9.409196757219
101,409,13.16875132821244
101,450,13.168751328314244
101,862,14.794510143232062
344,1358,25.397320632773805
344,884,23.64165507608483
1358,107,19.14583168268529
862,280,12.707197275119055
280,212,35.19665565182002
280,1585,36.83081375902529
1585,1694,9.866621991652696
107,542,12.78983352492872
107,373,19.145880230797786
107,394,12.789834074988189
542,583,90.20892281752046
542,1532,88.75111079356068
583,1569,98.80140028856395
867,285,10.500989750601104
285,716,7.178646601230137
716,313,6.837304661908378
1704,104,10.668141286359338
1704,1842,7.1220266260595935
1842,346,8.35437907655109
104,1694,13.92656194194709
104,1388,9.374503781567343
104,335,17.198067643138746
104,346,16.771090661566628
335,1158,17.124582764507988
335,205,30.224079634131133
205,39,9.11234178178914
205,787,38.39002447566524
787,1056,46.48811026990814
99,689,12.530079153361198
99,739,28.964657718182337
739,718,29.775179450602977
739,1818,45.38917639542026
422,1818,46.59348680999766
422,122,18.414084961792973
1818,122,18.414084961627356
858,122,1.8221460285236268
858,1572,3.8062281222531564
122,939,21.388602834177973
122,863,21.715707008931773
122,1529,19.038835594715593
122,1635,7.360694567692869
122,801,7.3606945667557575
122,1706,0.009759734719797564
122,672,0.016397791089081803
122,1292,0.0400700707810094
122,383,0.8746389706075948
1572,383,0.8806766194894169
1432,1641,85.11064253071018
1432,1732,86.64018000200062
1267,1732,101.42434600646533
1267,500,95.24865443476114
1732,339,70.05561459373918
1899,136,11.674758377415307
136,953,8.270163293799007
136,1332,8.34981971422657
136,241,8.34981971422657
136,1260,11.769297775620037
136,1633,8.50944394859644
1407,169,3.860129108381446
1407,953,32.13267631777771
953,392,31.956253213757687
1633,614,55.10723848034151
1633,1447,59.83170826888869
1447,992,25.464609386964614
169,192,6.523193718276596
169,388,10.231787689331478
169,1285,10.060048717280974
169,488,9.721249700655488
169,1623,16.943700664617317
169,392,5.764989678357424
723,1282,8.779360943487642
1282,1285,21.537076642939414
1282,1861,21.601731024068027
1861,388,7.245296533910285
585,1666,16.368619316606633
585,1832,13.67749221865795
992,1722,11.287189114420727
992,1666,15.351131911506789
1813,519,23.825231890542767
1813,1455,7.135994802570685
1875,906,5.860611103415867
1875,519,18.19257455482493
519,968,30.536320320556424
689,1646,38.83728881636293
1445,1387,12.13155100491531
1387,338,14.88853895481028
1387,1646,20.498548235940387
1646,1670,50.03383000305252
1641,1624,5.1462252389877055
1483,1624,8.559038907795683
339,1538,32.33610572816741
488,1294,6.900186839635746
1294,1149,21.924976169494066
1149,1285,18.750142899869157
1328,465,52.43159238102002
1328,1735,36.74817304452761
1735,1491,36.30908244338157
1735,1623,15.843423643993006
880,506,31.443806978391144
880,493,29.082390686244114
1221,493,29.147766893066756
1221,340,25.57898922383171
1221,1489,18.909430127699025
493,149,11.106634527222335
1250,340,24.930744697539044
1250,1547,26.364720013553992
465,1547,51.762533080103736
465,156,6.789352552374267
1547,1478,45.979166867420986
1392,1538,33.524720703879446
235,643,4.0474392581927
916,1883,13.617872084080842
916,1040,87.84070205570696
506,1040,50.54147731744943
506,721,25.35678733538647
1040,1346,58.2971831463343
296,1302,10.26535215448421
1302,405,11.331255632245501
405,545,5.142796639836649
545,1674,29.895744628687638
1674,433,7.421937032031397
1674,865,31.434454229733014
865,108,14.410195463864712
1180,108,14.052720607704034
1180,284,56.728456044751596
108,1587,13.481074335368072
108,1589,3.942483402688545
108,317,7.747654847297559
108,656,9.361149118128743
108,699,9.558231737594035
108,1705,6.482515878948119
1844,176,8.692952255218309
1844,1738,7.509014963802831
176,994,7.5510403103127635
176,1815,8.682205014569124
176,878,7.5481921561215914
284,1687,57.81144051229947
284,994,21.484811393979783
994,1059,14.579515719427866
1738,878,3.0054969183027103
1728,1213,26.029457124461395
1728,613,32.370208724824586
584,613,94.92689114348376
584,1018,27.071509114306124
613,194,105.34698871681056
1018,96,14.541939414075362
1018,928,13.239698043873478
928,1270,12.115365017802986
1134,656,14.319935744934972
1134,1259,9.623223745040939
1259,317,9.170938274253242
1587,433,7.6891131882570205
317,1589,2.8292158947005004
217,153,4.4322093886278395
217,763,7.529561447708841
217,1663,11.657722104209963
153,1776,4.437935725938952
153,763,18.816183057473495
1663,109,26.41845639669066
1213,109,23.84085534702675
109,481,23.840732885312953
109,737,26.41845589037885
1733,687,16.36575758747758
532,355,20.98768445078619
532,73,6.537119359228573
532,842,23.74888083690239
355,73,6.537119359776987
842,622,46.366191700949734
842,1776,37.261014557405964
1776,1691,34.490453087305326
73,574,11.486046269698237
73,607,15.666132235961975
73,1497,6.908550765492333
73,1106,6.522108355339967
73,1121,6.018887843377053
73,270,15.66614259370024
73,937,3.3012939888881605
73,1155,3.276055572118067
73,1116,3.2760555726666523
73,919,6.498540495600919
324,1204,15.499414353423147
1204,1229,16.813834996338112
302,1634,26.575014710357383
302,607,18.90531797292889
274,527,47.18454833195868
274,1610,48.528552066892566
1610,1798,47.795157966960865
974,305,9.052137427748622
305,307,46.60681895078077
305,527,44.54760819458675
527,47,6.046507475569561
345,1056,16.547058832291814
1056,243,42.24613948525196
1815,1059,14.521951398675
995,548,10.035219863414952
1883,1866,16.88310935693557
548,538,16.076284213382547
196,461,8.366731681828098
461,1873,10.997535585719898
1379,669,9.337415735069786
669,418,4.218826031543559
669,1748,9.230099936126193
826,1349,26.358754213860955
826,1607,14.822275086548705
636,1496,21.985858337226134
636,1240,23.58247962719776
636,1554,20.79563807525114
1554,70,16.7653180757034
1554,707,7.0011356895939185
707,828,3.117089750178593
1496,814,17.996122224863534
1496,106,6.8396029635746665
814,952,6.5325440891581446
106,1144,7.157492142179972
106,652,7.157492142293593
106,1739,9.256428616842236
106,482,4.336795212213857
106,1240,6.8396029638906
106,952,8.969400672094672
667,1563,69.20979119287895
667,20,45.20348136621796
667,1144,30.455786402046467
1144,866,27.028248451981803
1563,403,41.063285635604565
269,847,16.888305968036086
269,1746,18.343261067075133
1746,22,9.039686783449618
1746,403,15.064359728293718
403,1005,31.387299452764264
1759,1715,6.238724922225836
1759,733,16.546092397716627
733,631,54.803267911875416
5,1814,9.19495372760043
5,479,7.618027076635129
5,543,9.201234974635609
5,1535,7.620541826509912
1535,543,5.546387847897358
1814,1227,35.58055153376528
1814,1672,34.86955497636998
1227,599,27.98613915789479
455,543,11.919282250906976
455,984,9.799747609064482
599,133,13.314079401173341
599,429,15.856620972543121
133,1169,9.687895777149487
133,1786,27.878364683911922
133,1843,17.021777648492797
133,276,27.524061488291427
133,364,8.612211088888197
133,1672,13.170225175915254
133,429,21.92629705809732
918,631,31.918624330098467
918,23,6.564043094454638
918,1169,27.735673800555944
631,1628,35.94503295803282
1169,1268,24.536695002060338
1295,1257,81.7567360314799
1295,1532,85.40240327109271
1532,1343,23.79684805342134
1257,1612,66.79605426843763
520,567,51.98350284150018
520,626,51.559442565668185
626,421,30.712601430274294
626,1612,65.19435438567503
1612,173,3.080206531892476
567,1837,51.49354096252767
567,24,8.758206671258431
1837,984,46.390527113444875
984,1631,47.47744839431744
484,198,12.187915027520317
484,1809,14.827385397946964
1809,1238,21.849162794925835
1809,1426,16.75261489893924
877,872,3.2542817599815743
872,1120,3.8036829565682546
199,1183,36.40185930259211
199,1835,32.15180219259398
1835,23,8.918077454359624
1835,792,34.73145685824015
792,1628,33.083686410033465
884,1435,24.68466730695152
884,1780,9.789327733734625
827,1780,10.173350825416493
394,352,28.608473051568048
394,1435,26.65135643626909
1435,1512,23.535096659294325
450,409,31.74347380308878
450,212,35.78968493913707
212,1388,25.141495534824372
1388,1158,18.428831318360384
373,1343,26.752285866087522
373,600,29.873615150688675
1343,173,10.922132879538438
1158,39,6.385419553756232
39,1564,9.106594723682662
39,243,6.389009364142828
243,544,44.44730675312104
718,1670,54.34222182390538
718,1399,63.526857860663156
1670,97,7.792954141678752
1399,1841,33.88788756738018
1399,939,59.98555833751399
939,1751,52.18275590055409
383,720,0.5768355077240034
720,1292,0.04798194593808867
1491,392,34.10139817053519
1491,1037,25.103429488029853
1332,1037,19.707704569184404
1332,831,21.641041291058247
1037,156,6.969989757348728
1260,1369,16.367977351564644
1260,1411,21.70290271513099
551,1411,50.466759626268434
551,85,7.505772779675258
551,614,49.73985444936734
614,263,14.728519017021712
1411,1125,50.76119096834355
263,1501,9.535657005965941
968,357,3.7879875165136303
968,1386,31.778244075325645
1386,1239,30.084374697403035
1386,1737,30.17343986912648
1737,795,26.412080719159814
1501,85,7.849340358101808
1501,906,2.148795221553915
906,85,4.180190049353364
357,85,5.140213591826531
85,496,6.024389931348388
1484,1829,13.271204144848351
1484,338,13.912599819862075
338,97,7.371080059469526
97,738,7.7953598770080115
97,1632,7.37740860050258
156,1193,6.976185144848546
156,1044,6.786610411401891
790,149,9.87447714829384
790,340,8.074605662830036
149,1380,19.705588538582088
149,1550,11.100587550724047
149,961,17.262829168568594
149,1478,8.175791094522108
721,58,5.676802143584886
721,1380,22.501959009904834
1380,799,7.592257257883492
1193,1266,30.133875883373005
1193,1373,24.21493326589692
1266,1724,51.37769035875858
1266,1891,62.86329188157978
1724,1478,44.01778964335719
1724,961,12.260849551685535
58,524,5.062278760033994
58,708,7.7425897168723905
58,773,3.533541728851134
58,799,2.574396878362667
524,1346,51.80045254277275
524,347,50.475746936970296
1346,17,8.686206866323069
17,1866,14.476611377376445
17,1730,12.51874960925758
17,1667,6.32775252493625
17,1657,11.975361717891428
1866,564,14.201532330236567
1705,699,4.494034042667902
699,1687,13.898551147427039
1687,969,63.11756449875806
401,969,13.141899825459083
969,1316,65.79790272128868
96,485,12.13366659361021
96,1555,16.640983505938582
96,1690,8.382513639129861
96,454,11.312211588379657
96,1270,11.312211588435385
985,194,92.2213392249449
985,938,52.89542645186569
985,935,72.89119926960345
194,531,72.9797111044112
485,935,64.82959192510401
485,1534,62.27169646990673
935,1198,19.77695678837112
737,1462,55.665620776242335
737,252,56.66233168513252
252,1858,16.956373871638515
252,531,66.00880347136413
531,137,11.751967330305385
1270,1765,14.881005707316426
1765,454,11.902706510756548
1189,1241,58.16830854205145
1189,1100,64.85996660173168
656,1316,9.530036630885846
1100,1743,54.79811512554952
1100,1316,66.92059148087296
763,481,23.200955347836082
481,1309,31.892139518470305
919,1225,29.44444306426182
919,622,31.457873727692373
622,230,57.36052511556253
230,1111,27.84260247332291
230,922,51.82325393244462
922,146,7.869574458557885
922,1309,48.15867955420628
1309,420,40.05084079375914
449,368,9.323254145906166
1229,368,52.025016667226566
1229,1542,57.6368496649093
368,1798,49.41715913222387
374,927,57.493115396198775
374,1286,52.72720202197882
374,1634,28.793172939029716
1634,1497,5.036967005835271
927,1542,59.08762586880559
927,668,15.529117810703655
1542,1600,14.948191469766284
1798,47,5.724211514177202
47,571,11.808904455339832
47,503,14.33908606654566
47,1487,10.104278625945637
47,1600,16.36338041842539
1853,544,53.44710991403129
1853,307,49.511366262182825
307,571,8.414243987942358
544,278,64.58819348465211
1743,1801,45.56066247628125
538,1801,43.766406825868316
538,564,39.36561721416106
1801,147,7.286688323665369
564,1730,31.402561492169397
418,1681,7.043588824624024
1607,1536,10.926202664697039
1607,1339,18.884718666957095
847,1339,22.96540033567888
847,249,24.274548128330512
1339,1529,15.62139707922646
1536,1635,6.546508921625295
828,469,9.083884344643137
1240,1847,23.284060878563576
70,1123,8.532848079560544
70,473,16.7652904222891
70,469,8.532847651030352
1123,1590,15.590883447113038
1123,358,13.345759802741615
1847,273,20.300949850854487
1847,1590,32.35951787363685
1590,620,33.15984556658243
469,966,3.2108061252558784
652,866,18.11975847832465
652,1719,12.621229415647825
866,1863,16.31752222145752
20,376,21.147330916933715
20,377,45.21025778514177
20,1082,21.136073875099093
351,1005,24.5148878272861
351,22,20.725165635786936
351,376,26.7936001272494
376,1324,22.233838154365298
1005,1410,11.10053264369012
1082,1428,20.1314781510472
1082,1863,15.619391248630663
1863,91,5.813427410360086
22,446,17.568416202995884
22,188,19.682964050725776
22,852,16.730221169509495
22,1410,12.957263759713223
446,249,13.188967783059045
249,863,18.146317162653293
777,1715,4.180452518176074
479,1479,47.31457365435724
479,1631,46.69403777264687
1479,1672,32.11233481402027
1479,491,52.47384605880946
1631,1662,9.38273716500941
254,1268,18.323469554510282
254,1560,27.279425713743237
254,1786,20.022026614932663
1268,754,17.551884891732783
23,821,6.566984768857176
23,959,8.907351596311564
959,821,8.700502520836991
959,754,15.363049729317295
754,148,13.551771591855594
173,797,19.401579104231743
173,1098,14.436586163653173
173,1087,11.539692764104464
173,885,14.442091726434823
1812,24,13.952545868648295
1812,298,19.8508259571629
1812,421,26.98516387128466
24,1662,13.188522069553454
24,534,14.555452177001442
24,1647,13.451254433282516
24,615,9.098316320075176
421,797,13.82735485772419
1167,713,9.505578443857505
198,1154,10.68371399407116
198,1717,8.318480606679268
1154,713,13.668464083749258
1154,358,14.971915738276152
713,473,10.68083836722085
1795,52,17.464438386442122
1795,1238,14.541580890458565
52,1717,10.89299024834261
52,358,8.336922859103135
52,620,12.670517233392573
52,1032,12.670517233276792
52,816,19.297128232088568
52,1353,7.956109060071327
1238,1412,23.39707337216713
1412,1353,28.845580576188578
1412,1605,12.296514955501294
1605,1120,8.941117913678324
1183,1353,31.61087266137725
1183,445,54.22216824486578
445,905,62.214555458895916
445,829,26.30924363468578
829,148,12.366898560723135
829,821,14.708126912339411
1512,166,8.081113582179238
1512,1626,19.157948978278732
1626,755,9.19620677917478
352,1868,31.687942730571013
352,1186,39.85772347330949
600,885,20.69840423091373
600,1868,25.57031542465587
1868,74,9.457132569402098
166,1186,11.083538216718555
166,586,10.661014606330186
166,1852,6.7079846109819625
166,665,6.955438854779569
1186,1363,40.35947030408014
409,1564,32.88201230502292
1564,278,31.211058796123915
885,1110,8.87517191491751
278,1216,54.010198959199535
1632,1051,15.543407655280406
1632,947,21.861965928906418
947,581,38.62756773063585
947,1841,31.58138479711918
1841,37,3.375098466399359
188,1751,14.322855760807771
188,863,21.854126276015542
1751,852,46.26178311673825
840,37,5.5285213222286425
840,1324,48.088031962358635
840,852,47.832498143213435
37,581,5.532450940116233
37,1595,3.3806324040855786
1292,1799,0.031348621245597966
1799,672,0.009399151568312784
1799,1706,0.02724160433565623
1615,1706,0.03235435070351352
1615,552,0.601228584544108
241,831,22.227333971078433
241,1513,18.672023480001812
831,1044,21.901581853503526
1044,1373,18.442982361957313
1513,16,9.30947310968116
1513,1369,13.36760697186671
1369,683,10.128774075895754
496,389,32.82766604431919
496,1239,31.264716954912526
389,447,40.95784141489259
389,1474,10.666816947582987
447,1125,52.94494189911733
447,1505,53.16234021054992
1125,16,15.522506801056764
16,683,12.611260034497677
16,1373,7.738794002818083
16,596,19.286827168282713
16,759,10.424912866245375
795,1014,7.134607251406874
795,1829,22.73357025771584
1829,738,18.77716206488484
1239,165,8.265364960875738
979,165,3.826069272431517
979,1397,1.839214523955681
979,1014,4.675207443213677
165,1474,14.997569209864947
165,1505,9.97593792050234
165,1242,11.135468791437935
165,573,11.135468791454397
165,1051,6.155181044908592
165,1071,6.155181044908592
165,1014,3.9046596730242644
165,360,4.09989621529988
165,1397,2.8313238765204227
738,1071,17.780323505886173
773,799,5.987914152969739
773,1550,8.090990659675736
1550,1870,17.264676909179865
596,825,13.710952027382094
825,1891,62.59853609778025
825,649,60.03787655209908
1891,356,51.5884572758709
356,1870,49.776465916305995
356,12,5.24780056042282
1870,1351,44.35630459434665
505,347,53.3796390097956
505,1627,57.082190631493255
505,708,39.58032568236075
347,1657,9.003077449876843
708,1351,39.51800479633035
1730,1103,32.554278344459036
1534,154,8.432115239624874
1534,1652,62.24277276083986
1652,1094,66.62176139631714
1652,1555,12.160481045605644
137,393,9.80855431038197
137,887,10.684364844438107
137,1800,8.181989922850663
137,1036,8.81474483882418
137,244,9.808572216832236
244,1004,10.085918763214572
244,972,17.54807341611464
972,509,16.696725762055152
972,938,30.473358528053254
938,333,32.80004176396888
154,1548,6.026041313097738
154,1288,6.026041312814299
154,1810,8.432114415597113
154,1099,12.052100245495247
1198,11,12.968208176603435
1198,1548,9.297919648779814
1548,1288,5.507839681141127
11,333,4.7291477348258
11,572,12.978752579547919
11,1649,4.725637605305533
333,1683,31.003372061053817
1734,420,42.99810552427669
1734,1836,42.34562130704539
1734,1462,56.71291707325844
420,146,6.075708480850093
1462,182,6.593471473399715
1858,182,6.966907859009012
1858,393,11.521956559041877
182,1636,6.972112655270936
182,1859,6.583658587877382
393,1859,13.723952092712782
1313,454,16.94829926823049
1313,557,20.59831599201659
1313,676,5.725058353009523
195,557,9.150381771697695
557,1241,24.12256299402787
1241,1468,53.87330964979773
147,1451,6.625619399403443
147,1823,7.2965221667150475
147,1692,6.6204412155677215
1468,1690,51.11835601080398
1468,1451,11.679427046089824
1451,1823,5.2437230337943745
1116,1155,2.9518585600187364
1116,270,5.754031521512324
796,270,18.46199027389789
796,510,27.269326669006823
796,1225,27.476518064826415
1225,129,12.13366716774637
129,231,13.130343894603984
129,1444,8.215779860811042
129,1546,8.727014921554732
129,1111,8.33393514974815
1111,1731,26.39394500084305
146,704,6.075701196342761
146,1645,7.869575107281725
704,1731,13.689244325953618
704,1405,8.465386761892562
1731,521,28.468885485932372
1286,32,7.410791605877815
1286,1106,50.21291832639448
32,668,13.086810276602904
32,893,7.663174343853156
32,320,12.747737738235053
32,1897,7.683874833122008
32,1421,7.9636514038376
32,591,11.77215361881267
668,1487,19.546410986543464
1106,1442,50.544123905341195
1487,1648,18.44988237685349
1216,444,18.67295815661553
1216,503,48.512580435492744
503,586,42.3364418600988
1692,848,5.61398471484196
1692,1103,11.98883125718909
1103,1570,35.9245920844096
1635,1855,6.4172654082632485
1855,801,3.5017183121724247
966,1045,9.750245609779952
482,1577,14.205075694572159
482,273,16.3780642679458
273,91,12.292557243321012
473,1045,14.889657831854338
620,353,33.27603414443687
967,91,9.038188164452782
967,970,20.77130293811984
967,353,21.156002948883806
91,1719,13.024695372745509
91,1651,16.249476393787567
91,1119,12.292567269841326
353,1032,23.917774517782277
1719,1577,15.87681698875696
1577,1739,7.063664221527792
1324,1023,48.75726953238759
377,1785,47.47605252903696
377,740,32.153215380275164
1023,1595,20.63830706292335
1023,1682,47.79052111862661
1682,71,2.9501704624463736
1682,1785,47.73642624588864
1785,1817,40.16400998807693
740,1887,31.923194750973117
740,1428,14.15462245122683
1428,1506,21.594858184930445
1506,1090,18.66071847551312
1506,1651,13.412476818654262
534,491,28.54410708216502
534,1830,19.126876459799718
491,364,44.696395645123864
364,811,44.56688000386475
1560,148,12.37273930013963
1560,514,27.69670629927429
148,562,13.555183599175615
514,1792,55.738362529300154
514,1843,46.47416571713159
1843,247,38.631133002913906
615,298,7.000715232326325
298,1098,21.85670912704809
1098,1518,23.43625008805308
816,855,36.015592427712555
816,870,47.600918749102426
870,1429,61.75150293402795
870,1105,70.82342533620037
1105,48,10.874726044818251
1105,905,68.1847313371362
905,507,35.54723693709638
507,48,13.502563738565314
507,562,41.22932546803474
562,1088,43.96667374582867
1568,755,10.865104710708536
1568,1852,7.865310919744765
1568,983,9.652677646506588
755,665,5.0873900072894225
1425,74,6.885403423657343
1425,325,45.81228560635693
1425,1363,43.652824001218825
74,1110,6.8953787442872665
74,362,9.45224045850077
1363,320,43.37015084853497
1110,1087,4.745322765516702
893,320,37.14933392316803
893,1648,40.50556824632839
586,1648,43.54091852837833
444,1852,10.640230201267299
1087,1443,12.949783424111052
1071,1051,15.52360973035901
573,680,39.9766182389535
573,1338,43.136253378443605
1338,350,36.05637675928479
1338,581,40.357924214439464
1595,1245,20.567780821992027
552,801,6.57966322927671
1505,1575,59.96566888254828
759,1057,76.86149554642319
759,1575,76.76518256945451
1575,646,66.94296285739237
1397,360,2.925815505655398
1351,989,11.356986362306086
1057,649,58.684134322515334
1057,1362,50.46074141807396
649,1368,10.684786680862658
12,989,12.373712517997323
12,1627,12.753807003614693
12,415,11.296123198308674
12,1760,11.122520105679266
12,1453,7.959806397171344
1453,242,2.349750153095216
1453,1368,7.820972559137717
1368,55,5.483925166345025
1667,693,56.256562841179786
1667,1627,56.579463096378475
693,1570,46.16175246802078
693,1454,61.51714197183702
1570,181,14.412372585707223
1099,1164,49.647214628545285
1099,760,48.18755437368347
238,638,51.11298811367829
238,3,13.771163119474506
238,1094,58.14951389292699
1094,228,60.00911267408167
638,760,48.88660302652083
638,563,9.3320338140619
760,81,3.2537169345562496
228,372,25.033184763796474
228,1389,51.58700933193259
1389,181,14.401028908423035
1389,1690,51.77500288190474
1036,1004,8.009221261322564
1004,897,9.544779288898589
509,13,8.418434016816633
509,663,10.084684472015494
13,897,7.144908901344485
13,397,8.41272811621781
13,1488,7.15445593275752
897,1800,6.2025532954287845
170,663,7.420980417848986
170,1476,7.420980417848986
170,1028,8.964279240858335
170,846,8.964279241321321
170,308,8.154482413449212
170,1773,15.194089930286996
170,1683,9.421985070705013
1683,770,27.68213899638955
663,1476,6.085114097372147
1288,1649,6.844533142026867
1649,440,5.248707058497834
572,770,33.90414669870171
572,1060,43.08005903851678
770,1773,10.822518834812252
1645,1405,9.78818723185888
1645,1836,10.543619873069845
1836,1675,39.44095154530546
286,1675,37.59819391410154
286,1039,27.529059490398623
286,1636,39.60943781870853
1636,1448,37.459094239356915
1675,121,13.7714273897206
1859,1419,15.597747796180121
887,1419,8.420108154515322
1419,1498,20.930092909224147
1823,848,10.379125915282993
848,181,11.358584058660268
181,372,11.352164231298705
1155,937,2.4048158762014458
1121,611,4.792002376903717
510,611,28.343150721141836
510,1499,15.049131078317508
611,781,27.911443378068284
231,1499,14.608500269220151
231,901,9.613645639398035
1499,41,6.47862433592223
1546,521,6.202778871435366
521,1072,30.119219918029522
1405,121,8.878299026516334
121,1072,13.770149208240886
121,1039,8.889351984554027
1072,365,36.35659761847532
591,1421,10.822803442602451
1421,1199,15.088649455686673
1442,1199,47.909119428442786
1442,781,31.655925769780602
1199,267,45.622028490903396
781,41,7.005622001263753
1032,855,21.21358677587803
1119,1090,16.141644307170385
1119,980,16.394091359078423
970,980,14.067528995259703
970,127,13.039792564397471
980,999,20.699904876508526
127,348,34.51473956336414
127,1543,13.040101342421448
127,855,34.50788061211413
64,1817,9.397907208302783
64,549,18.226666982828416
64,1802,9.397891397737496
64,1653,19.569489629858207
64,214,8.585533819061782
64,1886,16.042633271379536
64,1423,29.00313806883408
64,1090,12.682353230232414
64,1887,44.163024190638254
1817,1215,35.32325390487393
71,1245,3.0356121568595125
71,1360,2.959948895944337
71,1215,3.030327182615523
1245,350,20.95732619210845
1215,1015,36.14921881855837
1830,139,6.9924000961917345
1830,820,13.970097174219822
1647,815,28.317205401766937
1647,1518,21.617523991332376
815,820,18.583778867298342
815,337,31.06541722916575
820,139,5.500221539030041
139,811,5.500227258427778
139,434,6.992400784835414
811,1145,46.56858224376956
276,1145,22.092576453202945
1145,1723,56.46348206241104
1088,1707,11.22273935745821
1088,1792,47.71714513722368
1792,1420,49.06588962929547
824,247,39.643384607164506
824,1168,42.88537667446502
824,1723,60.77626850328241
247,8,10.698390397502694
1723,434,33.95523754202981
8,1420,13.803121990392237
8,568,10.708100180974288
8,1511,13.797690437434234
1420,1262,48.2753007882886
1518,849,16.122599679849998
849,171,7.276807317044873
849,1443,11.431737665868654
1443,362,18.179191972390573
1543,1095,49.99543882215328
1543,1395,47.462877045554684
1395,49,8.376858476111295
1395,1429,52.155251010154565
1429,1557,33.10849289839204
48,219,13.498155094614697
48,1408,10.884921360256337
219,1557,33.81067984108867
219,1042,36.42415450750198
1557,1364,5.381688020011057
1408,502,9.632313538665178
1408,1707,6.426412006026386
1707,59,6.6646118768549
362,1430,17.6199585327887
325,1430,17.679437249239488
325,1104,51.17034819287585
1430,171,8.218298799232041
1104,1503,47.84499499113687
1104,1897,70.63529659643667
1897,304,71.1381784513219
1242,646,31.915433215668894
1242,680,34.76003161053859
680,77,11.010535242499621
314,77,19.0089509909918
314,1015,32.71263358544704
314,1360,23.671604639859858
77,430,19.00036369059556
77,336,11.017554776784129
1360,350,23.781491803316968
646,1471,56.34545541757358
114,993,9.634616522161792
114,714,9.634616522681613
114,1597,7.780417560620924
114,745,7.780417561393101
114,1196,6.99772088026738
114,265,3.9162457891658966
114,1481,3.916245789230962
114,1514,6.421474902726619
114,1571,9.331068614843508
114,580,11.211373075445225
580,1699,6.039708385953699
580,1471,16.39027151117192
1471,430,47.0656131290761
993,1362,45.6293093127059
993,1591,42.91029372721741
1362,55,7.061151063349059
55,242,7.06115113503906
55,1710,5.483917336720277
1760,868,7.88175964603467
242,868,7.031273828709248
868,742,7.779059726519701
415,1679,29.4479118058805
415,742,23.95649007924785
1454,1767,25.34835830629231
1454,1374,58.52451598219398
1679,1374,32.44340137029919
1679,53,7.01685208658217
1374,1643,42.38371954971341
372,1767,27.51280858949572
1767,3,15.730017558267463
1810,332,55.859976392584464
1810,255,55.8116712410366
255,832,42.671052778205954
255,986,59.5159010033729
986,578,42.95982147756975
986,1164,49.482371752041594
1164,1025,16.745259453028392
3,292,15.730012290399214
3,1480,13.77119259325109
292,563,11.632184339870667
292,785,12.833728510817668
563,81,6.045843493135642
81,1869,6.0342992381309015
81,806,6.034299237257612
81,902,3.265076448759143
81,785,6.029102489161046
1025,80,6.148018966741011
1025,1188,10.851045709404175
1188,80,6.1599673621144
1188,1869,5.5261563510697185
1869,204,4.443715191901823
1800,1084,13.765597722618388
1488,210,5.827785567324674
1488,1476,9.082855662189083
397,1084,27.861435479846268
397,210,30.824397729727803
1084,603,23.332139153965944
332,440,55.104730544012305
332,49,6.920386369067271
440,1060,54.781016477126435
1060,1321,45.89635621719609
308,964,44.72353858624658
308,1321,44.25825948996488
1321,1171,5.743636695273717
1498,1448,26.690113629753142
1498,603,22.31559536855193
1448,334,19.917023307817573
1039,684,31.63685664399656
657,151,10.711441925099003
657,1608,4.944565141408793
657,334,14.614037011647211
151,684,13.385334341230019
151,1639,10.708029816064222
151,410,13.379491730797161
334,143,6.739905923582124
684,904,38.06627919464961
603,143,10.137480690455467
41,267,6.478621809805551
41,901,7.005626086762472
901,1874,14.918245252800634
1874,1775,46.42373064536951
1874,1444,47.513089169170705
1444,365,48.63650959853256
365,1322,45.800157355760376
1322,115,4.532189388640835
1322,904,46.07676768335029
904,912,45.95914393460729
267,304,49.49458887236669
304,402,52.4141936899491
348,999,27.679732131489985
348,1886,34.28379606767342
999,1423,22.141501743870656
549,1015,41.90648242393375
549,431,48.951256098328734
171,337,8.218307826478835
171,1503,7.276808325289576
337,1290,32.476113615720685
434,1256,36.05264408026101
1256,115,8.932913667263625
1256,1112,37.31744170840566
1290,1112,40.558398135479905
1290,1503,42.565693212984655
1112,115,8.932913667263625
1262,59,6.656320620473508
1262,1233,48.61625906820261
59,502,6.650271745287402
59,605,6.655295033571465
1511,1344,43.04392711600909
1511,1168,40.47668930394831
1168,115,5.640718513985805
115,747,6.661654836589558
115,1559,15.569735928296957
115,1775,7.282796639571177
115,402,7.2572179023455705
536,1233,30.610768520310618
536,410,16.928408172661992
536,568,20.816815376328865
568,1639,18.950833232809895
1233,1519,52.876017331632106
1886,1276,37.4419385921847
662,1276,35.7015002183799
662,1252,19.251222484043396
662,1095,47.469149965981984
1095,1207,41.36602545180878
1276,956,33.469194965966075
49,1207,13.495684965046385
49,1171,8.058854758334142
49,1042,5.5800160595962325
49,1364,7.49325012705667
1207,832,39.64463598308383
1042,964,39.140833296983736
502,881,9.58494015141458
881,964,43.14244254040183
881,605,38.081395728440164
402,1775,48.978293030701124
430,1327,32.303906158018506
336,1263,28.51704030502555
336,303,35.537823277786806
303,834,36.73513111726997
303,431,45.27743734562207
431,441,40.748722659671074
714,1591,25.224471996780057
714,1720,19.173545914563835
1591,471,27.67135925691321
1571,1609,8.660767390489243
1571,1699,5.136795239445075
1699,102,5.787250495541174
1327,102,6.544112464336641
1327,1263,29.496501584582994
102,1609,5.787250495541174
102,354,6.534752553710731
102,1413,5.548133159858747
102,1833,9.353767176453356
102,1263,3.3341902650592714
1710,742,22.1163803162019
1710,471,23.03579369162703
471,53,10.117242324742017
53,293,11.897993092874001
53,1485,5.890351188388751
53,700,7.343974026942976
53,1720,7.343974026890491
293,1643,8.756820610877853
1643,1750,37.094470822286844
1480,1297,22.427430929615923
1480,1750,31.04273445043764
1750,1845,14.075433303211904
832,159,14.82263901800742
492,159,9.112359518543487
492,1261,7.905672616329164
492,578,16.381567354906778
159,588,9.10249880033438
159,1076,14.827787475226117
578,1438,40.01691668081209
80,1438,5.019107777131456
80,1308,10.90861041411069
80,508,6.1659509937911645
80,1439,4.89055345102375
80,204,4.890553451798129
1438,857,38.9178997304368
785,1297,9.794097304507197
1297,1274,22.943740148653834
806,204,4.691686776621561
806,1439,5.0039666285102475
210,1028,34.11884075275051
1028,621,39.91644345769659
143,1608,10.137000550802433
143,1519,6.726890767634218
1519,621,53.337578991869
621,846,42.40492574395842
846,605,37.93627264946127
410,1608,12.316165618668268
912,747,16.04270184302969
912,1344,46.28441673935265
1344,1639,20.978772489629108
1559,747,11.134785602719727
441,214,37.979270055400356
441,1802,11.045176435374565
1802,1653,13.937881732273881
1252,68,5.567198514584341
1252,588,14.48162268138324
68,956,10.113937272891617
68,498,5.567209156356727
68,1437,10.113937490321376
956,1452,30.041119174617148
588,1437,9.360896843111206
214,1452,37.44914697413032
1452,1520,23.84353496257781
1833,1333,21.989139518758577
1833,834,27.41231315195659
834,131,17.596720693568003
1520,131,10.659087884969727
1520,498,14.711571987804994
131,1406,10.659092203719656
131,1159,7.447739835012489
131,1272,10.148954877029482
1720,1020,20.42912753665195
1597,1020,24.059130750925934
1597,745,25.600878264627347
1020,700,14.929844336892657
1514,1481,4.552480209108042
977,265,5.240140816153631
977,354,4.423923789379642
977,1609,4.889083065197493
265,1481,2.9589009500236325
1485,1845,8.531564069896834
1485,653,6.004385928616808
1845,40,6.74604971616006
40,1394,3.5400010068281635
40,560,6.740055949989808
40,931,2.8330963898096595
40,1337,3.1835509700588833
40,653,3.1835509699555917
1394,1274,22.35567299326434
1394,508,21.62662467596073
1274,902,7.128813907414949
1076,1621,12.184221404265985
1076,1261,11.85988599027028
1261,83,11.592964563971446
857,83,9.325497474709485
857,735,41.56356317422625
83,1416,10.852177962608971
83,569,8.446837629709385
83,390,6.896396609020604
735,1594,39.21259738387923
735,793,48.117916714790546
793,804,45.9142088651921
793,1308,7.7676199390314515
902,1439,4.0167213245563715
1437,1621,13.61890853895535
498,1361,13.343958705328273
1621,1416,14.468547579860992
1413,1333,4.0778229117108395
1333,517,24.340132799185405
517,1196,13.285093797388617
517,1406,30.290308803986445
1406,1594,35.54683934359329
1272,1159,4.483418329589319
1272,1361,11.095148715045575
1361,1416,16.491359570153673
745,931,29.206813557562487
931,804,30.592476046837547
1337,700,8.928458877357226
1337,653,6.910138737648416
1196,354,8.126041854229605
1879,508,23.209134517741646
1879,804,26.052417511335253
1879,560,4.831805552115169
390,803,5.02216187773383
803,569,4.6737374136685075
803,1594,9.570296381010698
1159,569,8.69309315303083
